village,village_mmr,pcode,vt,dist_m,ls_ha_1km,buildings_1km,lon,lat
Taw Kye,တောကျဲ,177208,Taw Kye,47,58.18,260,98.1596,13.79993
Ka Det Nge Htein,ကဒက်ငယ်ထိန်,177156,Auk Yae Hpyu,4,33.22,416,98.13469,13.88634
Tha Win,သဝင်,177209,Taw Kye,248,31.57,223,98.15587,13.77758
Ya Be Inn,ရဘဲအင်း,177213,Tha Pyay Shaung,214,24.25,386,98.161,13.81904
Kayin Gyi,ကရင်ကြီး,177174,Kyauk Sin,211,23.89,260,98.09908,14.07111
Tha Byar,သဗျာ,177126,Tha Byar,264,20.67,311,98.12913,14.00968
Wet Thar Kin,ဝက်သားကင်,177162,Ka Det Gyi (Khun Hnit Thein),240,18.3,370,98.13977,13.88196
Sin Htauk,ဆင်ထောက်,177221,Kyauk Twin,151,16.57,63,98.10919,13.70507
Mya Khar Pat,မြခါးပတ်,177164,Pyin Kyaung,440,13.35,485,98.15047,13.86777
Kyauk Ni Maw,ကျောက်နီမော်,177227,Kyauk Ni Maw,439,10.18,518,98.18098,13.65575
Kan Pa Ni,ကမ်းပနီ,222696,Kyauk Sin,267,9.41,172,98.08086,14.06129
Pein Hne Taw,ပိန္နဲတော,177155,Auk Yae Hpyu,464,8.08,231,98.13263,13.90934
Htein Gyi,ထိန်ကြီး,177157,Auk Yae Hpyu,525,7.89,550,98.13529,13.90514
Nyin Maw,ညင်းမော်,177144,Nyin Maw,119,7.35,180,98.12589,13.9416
Than Hlyin,သံလျှင်,177211,Tha Pyay Shaung,129,6.94,793,98.16091,13.83311
Inn Ga Ni Twin,အင်းဂနီတွင်း,177228,Kyauk Ni Maw,198,6.86,232,98.18146,13.66845
Inn Bu,အင်းဘူး,177145,Nyin Maw,479,6.25,125,98.12211,13.94922
Yin Boke,ရင်ဘုတ်,177146,Nyin Maw,580,5.72,150,98.12622,13.93131
Ka Det Gyi,ကဒက်ကြီး,177160,Ka Det Gyi (Khun Hnit Thein),708,5.71,861,98.1524,13.8798
Tha Pyay Shaung,သပြေရှောင်,177210,Tha Pyay Shaung,726,5.61,757,98.16515,13.82825
Lel Hla,လယ်လှ,177204,Tha Kyet Taw,815,5.55,603,98.15368,13.75663
Nyaw Pyin,ညောပြင်,177230,Auk Kyauk Wut,428,5.36,741,98.14722,13.63473
Za Lut,ဇလွတ်,177215,Za Lut,671,4.29,307,98.17391,13.68818
Hin Cho Taw,ဟင်းချိုတော,177212,Tha Pyay Shaung,755,3.47,360,98.16243,13.83975
Sun Taung Maw,စွန်တောင်မော်,177194,Sa Khan Gyi,335,3.43,148,98.15619,14.14591
Auk Yae Hpyu,အောက်ရေဖြူ,177153,Auk Yae Hpyu,679,3.41,1205,98.14082,13.89859
Hpwar Boke Pyin,ဖွားဘုတ်ပြင်,177195,Sa Khan Gyi,92,3.16,368,98.14331,14.16585
Wea Ma Kaik,ဝဲမကိုက်,177219,Kyauk Twin,625,3.08,64,98.11603,13.70291
Pan Seik,ပန်းစိပ်,177196,Sa Khan Gyi,542,2.95,143,98.15823,14.14587
Ra Be,ရဘဲ,177207,Tha Kyet Taw,385,2.93,336,98.15237,13.72573
Nyaungdon,ညောင်တုန်း,177161,Ka Det Gyi (Khun Hnit Thein),343,2.87,959,98.15495,13.87689
Pyin Gyi,ပြင်ကြီး,177216,Za Lut,769,2.86,315,98.17466,13.6887
Na Khan Taw,နခံတော,177198,Na Khan Taw,371,2.5,1052,98.17473,14.10872
Pa Nyit,ပညစ်,177151,Pa Nyit,353,2.45,200,98.06927,14.00735
Nga Ye Chaung,ငရဲချောင်း,177225,Kyauk Wut Pyin,590,2.23,264,98.1677,13.6442
Shan Maw,ရှမ်းမော်,177152,Pa Nyit,119,1.89,55,98.06092,13.98017
Kyauk Pon,ကျောက်ပုံ,177206,Tha Kyet Taw,553,1.81,344,98.14897,13.7354
Htein Thit,ထိန်သစ်,177200,Ka Myaw Kin,313,1.77,1193,98.17142,14.10408
Kyauk Wut Pyin,ကျောက်ဝပ်ပြင်,177224,Kyauk Wut Pyin,564,1.77,259,98.16692,13.64218
Kyauk Twin,ကျောက်တွင်း,177217,Kyauk Twin,288,1.54,130,98.11498,13.71817
Ka Myaw Kin,ကမြောကင်း,177199,Ka Myaw Kin,147,1.4,1094,98.17076,14.10041
Sun Gyi,စွန်ကြီး,177220,Kyauk Twin,511,1.31,63,98.12504,13.71329
Ah Bu,အဘူ,177183,Ka Myaw Gyi,316,0.9,778,98.17035,14.09018
Auk Kyauk Wut,အောက်ကျောက်ဝပ်,177229,Auk Kyauk Wut,727,0.84,365,98.15599,13.62282
Pein Shaung,ပိန်းရှောင်,177143,Sit Pyea,930,0.71,412,98.13841,13.95686
Nat Sin Shaung,နတ်စင်ရှောင်,177165,Pyin Kyaung,749,0.69,687,98.15715,13.86635
Pyin Kyaung,ပြင်ကျောင်း,177163,Pyin Kyaung,833,0.69,582,98.16103,13.86832
Ywar Thit Kone,ရွာသစ်ကုန်း,177205,Tha Kyet Taw,520,0.67,581,98.14371,13.74532
Sit Pyea,စစ်ပြဲ,177142,Sit Pyea,850,0.5,281,98.13905,13.94553
Pyin Htein,ပြင်းထိန်,177121,Pyin Htein,865,0.46,271,98.13394,13.97661
Me Oh Nauk,မဲအိုနောက်,177192,Kha Maung Taung,821,0.43,25,98.16602,14.13306
Seik Pin Inn,ဆိပ်ပင်အင်း,177184,Ka Myaw Gyi,335,0.42,135,98.1543,14.08941
Sin Ku,ဆင်ကူး,177185,Ka Myaw Gyi,533,0.42,156,98.16103,14.09504
Pyin Sa Thi Maw,ပဉ္စသီမော်,177128,Tha Byar,866,0.41,121,98.14023,14.01025
Kha Maung Taung,ခမောင်းတောင်,177190,Kha Maung Taung,521,0.39,376,98.17629,14.12757
Chaung Hpyar Gyi,ချောင်းဖျားကြီး,177218,Kyauk Twin,784,0.38,103,98.11456,13.73677
Thea Pon,သဲပုံ,177181,Thar Yar Kone,765,0.28,192,98.14622,14.07663
Pyin Gyi,ပြင်ကြီး,177173,Kyauk Sin,895,0.24,335,98.09627,14.09404
Ka Myaw Gyi,ကမြောကြီး,177182,Ka Myaw Gyi,1042,0.0,786,98.16753,14.08399
Sa Khan Gyi,စခန်းကြီး,177193,Sa Khan Gyi,1051,0.0,143,98.15942,14.1386
Kyauk Hpyu,ကျောက်ဖြူ,177158,Auk Yae Hpyu,1087,0.0,847,98.14824,13.89351
Tha Bawt Seik,သဘော့ဆိပ်,177172,Kyauk Sin,1108,0.0,1047,98.10413,14.10215
Lay Thun Khan,လေးသွန်းခံ,177141,Lay Thun Khan,1164,0.0,223,98.14377,13.93135
Tha Kyet Taw,သကျက်တော,177203,Tha Kyet Taw,1193,0.0,757,98.15047,13.75109
Pan Det Inn,ပန်းဒက်အင်း,177176,Pan Det Inn,1301,0.0,717,98.10205,14.17374
Thar Yar Kone,သာယာကုန်း,177179,Thar Yar Kone,1331,0.0,672,98.15921,14.07824
Sin Pu Nit,ဆင်ပုနစ်,177187,Myo Haung,1348,0.0,321,98.16436,14.1854
Kyauk Mat Tat,ကျောက်မတ်တတ်,177222,Kyauk Mat Tat,1363,0.0,158,98.15102,13.58211
Nyin Wa,ညင်းဝ,177133,Inn Zauk,1377,0.0,31,98.14372,14.01337
Me Maw,မဲမော်,177127,Tha Byar,1388,0.0,180,98.14484,13.99725
Shey Hpet Kar,ရှေ့ဖက္ကာ,222702,Sit Pyea,1390,0.0,443,98.14223,13.95488
Gawt Inn,ဂေါ့အင်း,177154,Auk Yae Hpyu,1438,0.0,362,98.14296,13.91931
Myo Haung,မြို့ဟောင်း,177186,Myo Haung,1446,0.0,647,98.16628,14.17421
Wun Twin,ဝံတွင်း,222701,Auk Yae Hpyu,1479,0.0,909,98.1488,13.89831
Thauk Kyar Pyin,သောကြာပြင်,177201,Ka Myaw Kin,1498,0.0,317,98.15393,14.11305
Daung Shaung,ဒေါင်းရှောင်,177188,Myo Haung,1540,0.0,342,98.15054,14.19302
Mein Ma Chaw,မိန်းမချော,177167,Kyet Yet Twin,1609,0.0,918,98.16544,13.86257
Ti Zit,တီဇစ်,177147,Ti Zit,1653,0.0,478,98.09427,13.90819
Nyaung Pin Seik,ညောင်ပင်ဆိပ်,177177,Pan Det Inn,1781,0.0,58,98.09529,14.21567
Inn Gyi,အင်းကြီး,177202,Ka Myaw Kin,1787,0.0,301,98.15213,14.10872
Nga Pi Tet Sa Khan,ငပိတက်စခန်း,177178,Pan Det Inn,1818,0.0,412,98.09397,14.17722
Inn Wun,အင်းဝန်း,177180,Thar Yar Kone,1844,0.0,638,98.16529,14.0752
Kyet Yet Twin,ကြက်ယက်တွင်း,177166,Kyet Yet Twin,1872,0.0,898,98.16823,13.85606
Htein Twin,ထိန်တွင်း,177191,Kha Maung Taung,1908,0.0,344,98.1888,14.1325
Taung Min Pyaung,တောင်မင်းပြောင်,177189,Taung Min Pyaung,1993,0.0,511,98.17576,14.14479
Htein Lel,ထိန်လယ်,177140,Min Yat,2018,0.0,583,98.15107,14.06101
Maw Yit,မော်ရစ်,177175,Kyauk Sin,2155,0.0,127,98.07412,14.08038
Min Yat,မင်းရပ်,177138,Min Yat,2309,0.0,652,98.14902,14.0517
Ma Kyun Maw,မကျွန်းမော်,177132,Inn Zauk,2390,0.0,82,98.15504,13.9968
Maung Ma Kan,မောင်းမကန်,177168,Maung Ma Kan,2392,0.0,818,98.10566,14.14622
San Hlan,စမ်းလှမ်း,177148,San Hlan,2424,0.0,721,98.07759,13.93941
Ya Pyaw,ရပြော,177130,Inn Zauk,2431,0.0,330,98.15576,14.01161
Pin Lel Sa Khan,ပင်လယ်စခန်း,177169,Maung Ma Kan,2508,0.0,276,98.09729,14.15319
Kone Za Yat,ကုန်းဇရပ်,177131,Inn Zauk,2719,0.0,100,98.15917,14.00022
Kyone Ga Nan,ကျုံးဂဏန်း,177150,San Hlan,2723,0.0,27,98.06963,13.95211
Inn Zauk,အင်းဇောက်,177129,Inn Zauk,2736,0.0,641,98.15511,14.01904
Taw Shey,တောရှည်,177197,Sa Khan Gyi,2738,0.0,132,98.12532,14.12799
Pin Lel Kan,ပင်လယ်ကမ်း,177149,San Hlan,3071,0.0,590,98.07189,13.94258
Thin Pone Kyun,သင်ပုန်းကျွန်း,177226,Kyauk Wut Pyin,3186,0.0,0,98.19228,13.63334
Pan Da Le,ပန်းဒလဲ,177134,Pan Da Le,3193,0.0,688,98.1579,14.02591
Ta Laing Maw,တလိုင်းမော်,177139,Min Yat,3264,0.0,546,98.15504,14.04503
Kyauk Sin,ကျောက်ဆင်,177171,Kyauk Sin,3358,0.0,473,98.10548,14.12338
Ywar Haung Wa,ရွာဟောင်းဝ,177137,Ywar Haung Wa,3488,0.0,456,98.15906,14.03886
Kyay Noke Pyin,ကြေးနုတ်ပြင်,177135,Pan Da Le,3530,0.0,664,98.16103,14.03145
Kyet Hlut,ကြက်လွှတ်,177223,Kyauk Mat Tat,3634,0.0,261,98.15916,13.56178
Ka Det Nge Seik,ကဒက်ငယ်ဆိပ်,177170,Ka Det Nge Seik,3753,0.0,202,98.17364,13.90269
Ka Htaung Ni,ကထောင်းနီ,177159,Ka Htaung Ni,4133,0.0,164,98.17161,13.92955
Myaung Pauk,မြောင်းပေါက်,177136,Pan Da Le,4487,0.0,45,98.16996,14.02652
Da Yei Kwin,ဒရယ်ကွင်း,177124,Way Di,4676,0.0,484,98.17462,13.98895
Way Di,ဝေဒီ,177122,Way Di,4773,0.0,1072,98.1759,13.97872
Pyin Gyi Kyun,ပြင်ကြီးကျွန်း,177214,Pyin Gyi Kyun,5331,0.0,53,98.21,13.79434
Way Di Kan,ဝေဒီကမ်း,177123,Way Di,5484,0.0,782,98.18156,13.98245
Ka Nyon Kyun,ကညုံကျွန်း,177125,Ka Nyon Kyun,7080,0.0,239,98.19874,13.92397
