VT,VT_MMR,VT_PCODE,land_km2,landslides,high_conf,landslide_ha,density_pct,per_km2
Tha Byar,သဗျာ,MMR006002004,36.31,123,67,489.58,13.484,3.39
Kyauk Sin,ကျောက်ဆင်,MMR006002022,39.39,89,38,228.92,5.812,2.26
Tha Pyay Shaung,သပြေရှောင်,MMR006002034,25.6,69,45,219.79,8.585,2.7
Ti Zit,တီဇစ်,MMR006002012,29.45,66,54,214.85,7.296,2.24
Auk Yae Hpyu,အောက်ရေဖြူ,MMR006002015,32.27,76,51,204.68,6.344,2.36
Ka Det Gyi (Khun Hnit Thein),ကဒက်ကြီး (၇-သိန်),MMR006002017,16.97,68,44,188.89,11.129,4.01
Tha Kyet Taw,သကျက်တော,MMR006002032,51.53,113,40,188.18,3.652,2.19
Taw Kye,တောကျဲ,MMR006002033,23.71,72,50,177.11,7.47,3.04
Kyauk Twin,ကျောက်တွင်း,MMR006002037,58.72,59,18,104.63,1.782,1.0
Lay Thun Khan,လေးသွန်းခံ,MMR006002009,8.76,28,16,84.32,9.622,3.2
Za Lut,ဇလွတ်,MMR006002036,15.3,24,15,48.09,3.142,1.57
Kyauk Ni Maw,ကျောက်နီမော်,MMR006002040,11.37,27,19,44.28,3.896,2.38
Pan Det Inn,ပန်းဒက်အင်း,MMR006002023,29.29,46,5,38.8,1.325,1.57
Nyin Maw,ညင်းမော်,MMR006002011,15.56,35,22,32.09,2.062,2.25
Auk Kyauk Wut,အောက်ကျောက်ဝပ်,MMR006002041,8.97,33,14,30.73,3.424,3.68
Pa Nyit,ပညစ်,MMR006002014,20.37,41,12,26.49,1.3,2.01
Sa Khan Gyi,စခန်းကြီး,MMR006002029,23.07,20,6,25.72,1.115,0.87
Pan Da Le,ပန်းဒလဲ,MMR006002006,10.13,10,8,17.59,1.737,0.99
Kyauk Wut Pyin,ကျောက်ဝပ်ပြင်,MMR006002039,11.82,16,3,13.74,1.162,1.35
Kyauk Mat Tat,ကျောက်မတ်တတ်,MMR006002038,18.75,13,2,12.35,0.659,0.69
Pyin Htein,ပြင်းထိန်,MMR006002001,8.89,11,2,5.05,0.568,1.24
Maung Ma Kan,မောင်းမကန်,MMR006002020,13.44,6,0,3.62,0.269,0.45
Na Khan Taw,နခံတော,MMR006002030,5.99,3,0,2.3,0.384,0.5
Sit Pyea,စစ်ပြဲ,MMR006002010,19.58,4,3,2.3,0.117,0.2
San Hlan,စမ်းလှမ်း,MMR006002013,17.56,5,0,1.94,0.11,0.28
Ka Myaw Kin,ကမြောကင်း,MMR006002031,9.58,5,1,1.82,0.19,0.52
Kha Maung Taung,ခမောင်းတောင်,MMR006002028,6.57,2,0,0.82,0.125,0.3
Urban,,MMR006002701,3.54,1,1,0.52,0.147,0.28
Taung Min Pyaung,တောင်မင်းပြောင်,MMR006002027,6.82,1,0,0.31,0.045,0.15
Thar Yar Kone,သာယာကုန်း,MMR006002024,9.75,1,0,0.28,0.029,0.1
Min Yat,မင်းရပ်,MMR006002008,11.13,1,0,0.21,0.019,0.09
Ka Det Nge Seik,ကဒက်ငယ်ဆိပ်,MMR006002021,14.35,0,0,0.0,0.0,0.0
Inn Zauk,အင်းဇောက်,MMR006002005,14.33,0,0,0.0,0.0,0.0
Ka Htaung Ni,ကထောင်းနီ,MMR006002016,16.74,0,0,0.0,0.0,0.0
Ka Myaw Gyi,ကမြောကြီး,MMR006002025,12.55,0,0,0.0,0.0,0.0
Ka Nyon Kyun,ကညုံကျွန်း,MMR006002003,6.96,0,0,0.0,0.0,0.0
Kyet Yet Twin,ကြက်ယက်တွင်း,MMR006002019,12.34,0,0,0.0,0.0,0.0
Myo Haung,မြို့ဟောင်း,MMR006002026,11.66,0,0,0.0,0.0,0.0
Pyin Gyi Kyun,ပြင်ကြီးကျွန်း,MMR006002035,33.71,0,0,0.0,0.0,0.0
Pyin Kyaung,ပြင်ကျောင်း,MMR006002018,15.79,0,0,0.0,0.0,0.0
Way Di,ဝေဒီ,MMR006002002,19.74,0,0,0.0,0.0,0.0
Ywar Haung Wa,ရွာဟောင်းဝ,MMR006002007,11.39,0,0,0.0,0.0,0.0
